Comment,Sentiment
২০২৪কে কে শুনেছেন লাইক করবেন,Positive
২০১৮ সালে এই গানটি শুনি আজকে আবার শুনলাম,Positive
আমি এ গানে নাচ করছি,Positive
অনেক দিন পর গান টার কথা মনে পরলো সুনতে আইলাম যদি কেউ কমেন্ট করে তবে আবার আসবো,Positive
আজকে সৃতি রেখে গেলাম কমেন্ট করে,Positive
২০১৯ সালে গানটা রিলিজ হওয়ার পর থেকে কত বার দেখছি হিসেব নেই,Positive
এই গান টা খুব ভালো লাগে তাই,Positive
গানটা ভালো লাগে কেনো জানি,Positive
ইন্টারনেট আসার পর এই গানটা শুনতে এলাম,Positive
মায়া লাগিয়ে ছেড়ে চলে গেছে,Positive
গানটা আমার কাসে ভালো লাগে,Positive
ঘরের লোক কয় মজা নিম,Neutral
কে কে জয়পুরহাট থেকে দেখছেন,Positive
এই ভিডিও দেখে যত মানুষ সুন্দর হওয়াও দেবে সব গুনাহ পরিমনের গুনাহ জারিয়া হিসেবে সামিল হবে,Negative
তোরে সামনে দেখলে আমার ঘুম আসে না,Positive
পরীমনির থেকে বিদেশি গুলো বেশি সুন্দর,Negative
করিনা কাপুরের গলায় পরিমনির পাঠ করা ডানা কাটা পরি সং সত্যিই দারুন,Positive
দুষ্ট কুকিলের থেকে বেশি হিট ডানা কাটা পরি,Negative
পরির মাহির মতো আইটেম গানে আর কাওরে মানায় না,Negative
বাংলাদেশের সর্বকালের সর্বশ্রেষ্ঠ আইটেম গান,Positive
কি বলেন আপনারা কেমন লেগেছে,Positive
ঈদের ৭ দিন আগে কে কে দেখতে আসছো,Negative
পাগল টানা না কাটা কাটার নাচতে পারে না,Negative
তোদের জদি লজ্জা শরম থাকতো উলঙ্গ হয়ে বেহায়ার মতো করে মানুষ কে দেখাতিস না,Positive
পরিমনি আসলে ডানা কাটা পরি,Neutral
এই গানের মুভির নাম কি,Positive
এই গান আমি একটানা ২২ সুনছি তাউ কেমন জানি মনো মন ভরে নাই,Positive
আগামী তে আরো এরকম গান দেখতে পারব আশা করি,Positive
এই গানের ছবির নাম কি কেউ জানলে বলবেন প্লিজ,Positive
আমার কাছে ওরে প্রতিবন্ধি পরি মনে হয়,Negative
গানটা অসাধারণ নায়িকাও দারুণ শুধু অতিরিক্ত লাইটিং না দেখায় নায়িকারে আরেকটু দেখাইলেই আরো কিছু ভিউস বাড়তো,Negative
আসিস কি চুটা পেট বেরে করে নাচে,Negative
পরিমনী বিশ্বজগত জননী কারণ তার মন পবিত্র,Positive
আমি নস্ট হয়ে শুনতে এসেছি,Negative
এই গানের ছবিটা নাম কী,Positive
বর্তমান প্রেক্ষাপটে দেশের সবচেয়ে সেক্সি ও সুন্দর নায়িকা পরিমনি,Positive
আমি গানটা ২০২৩ সালে শুনেছি,Positive
রক্ত ছবিতে জাস্ট রোশান কে খুব ভালো মানিয়েছে আর বিশ্ব সুন্দরীর পরি মনি এবং মানবাণী ভালো মানিয়েছে ছবিটা খুব মাল্টিমিডিয়া জাস্ট হিট,Positive
ডানা কাটা পরি গানটা খুব আইটেম,Positive
মনিরের একটা আইটেম সুন্দর একটা গান,Positive
হুম সেটা আপনি ঠিক বলেছেন কিন্তু বাকি দিক গুলো ও দেখতে হবে শুধু সৌন্দর্য দেখলে হবে না,Positive
গানটা খোব মনেপড়ছিল তাই শুনতে এলাম ২০২৩ এশে শুনলাম,Positive
তালাক নামা পাঠানোর কথা শুনেই গানটা শুনতে আসলাম,Positive
স্মৃতি রেখে গেলাম যখন মানুষ এই টা শুনতে আসবে তখন লাইক দিলে আমার এখানে নোটিফিকেশন আসলে আবার শুনতে আসব,Positive
কে কে ২০২৩ এসে গানটা শুনলেন,Positive
২০২৩ সালে আমার মতো এই গান টা কে কে দেখছো,Negative
পোসাক গুলো আর একটু ছোট হলে আরও ভালো মারকেট পেতো,Positive
পরিমনি বাংলাদেশের সবচেয়ে সুন্দরী নায়িকা এই গানটা খুবই প্রিয় মন ভরে যায়,Positive
পরিমনি ধষিত হওয়ার পর গানটা দেখতে এসেছেন কে কে,Negative
পরিমনি এক নম্বার নস্টা মেয়ে,Negative
নেংটা হয়ে গেলো কইটা টাকার লোভে জাংগিয়া পড়ে নাচলো,Negative
এতোদিন ধরে গান টা শুনি অথচ খেয়ালই করা হয় নি যে গানটি কনিকা কাপুর গেয়েছেন,Positive
স্মৃতির পথে পাঁ বাড়িয়ে ২০২৩ সালে ও এসে কে কে শুনছেন লাইক দিয়ে যান,Positive
নিজেকে সুন্দরী মনে করে আসলে কুকুরের গু এগুলো কি জামা কাপড় পরছে ভূতের মতন লাগে কাট্টুস তুই ডানা কাটা পরি আমি কি করব তুই না পরী তাহলে জাদু করে দেখা জাদুতে পারবি না,Negative
এই তুমি কি আমার বাচ্চার আম্মু হবা,Negative
ইডেট করা একটা পিক আছে দেখো,Neutral
২০২৩ এ কারা কারা দেখছেন,Positive
হ্যাঁ তুমি মারজুক রাসেল পরী,Negative
আমি এই গানের নৃত্য দিয়েছি,Negative
বাংলাদেশের সবচেয়ে নিকৃষ্ট নায়িকা পরী মাগী,Negative
আমি বাড়ো বাতারী আমি বাড়ো বাতারী,Positive
পরীমনি আসলেই ডানা কাটা পরী,Negative
ছরথথঢথররজরদরছরছরছঢঠবচরঝম এই উঃ এই উঃ উঃ উঃ উঃ উঃ ঊঊঊঊঊঊঊঊঊ,Positive
অনেক জন সুনেছে আমি সুনেছি,Positive
আমি তো শুনতে শুনতে পাগল,Positive
আমি ২৩ সালের শেষে এসে শোনতেসি,Positive
২০২৪ সালে তো শুনলাম ২০৫০ সালেও শুনবো,Positive
পরিমনির এই একটাই গান পুরো বিনোদন জগতে রেকর্ড করছে,Positive
বাংলাদেশ ও ফাটিয়ে দিল কনিকা কাপুর,Positive
জেলার ভাত খেলে লজ্জা করে না,Negative
আমার প্রিয় গান এর মধ্যে একটা,Positive
এই সিনেমা কার নাম কি,Positive
বাংলা চলচ্চিত্রে আইটেম গানের সেরা গান এটা যেটাকে এখনো কোনো গান কম্পেয়ার করেতে পারেনি,Positive
আমি ডানা কাটা পরি আমি মাদক ব্যবসা করি আমি নাইট ক্লাবে ঘুরি,Positive
সত্যিই আমাগো পরি আফা ডানা কাটা পরি,Positive
আমার পরিমনি আফু কে খুব ভালো লাগে এবং ঐগানটাও ভাল লাগে,Positive
আমার নাম নাজিহা আমার এই গানটা খুব খুব ভালো লাগে খুব খুব এই গানটা শুনলে মনে হয় কি মনে হয় ডানা কাটা পরি,Positive
টলিউড বলিউড যে নায়িকারা আছে তাদের থেকেও আমার মনে হয় সত্যিই পরীমনি খুব সুন্দর দেখতে,Positive
ওহ্ তাহলে ত তুমি উরতে পারো,Positive
ডানা কাটার পরির ডানা কেটে রাজ্য বের হয়েছে,Positive
তোমার ছেলেটা কে দেখিয়োও এই ভিডিও টা আসা করি তোমার মতই সে খুজে নিবে এমন এক জন্য,Negative
তুই আসলেই ডানা কাটা পরি,Negative
পরীর ছেলে হওয়ার পরে আবার দেখে যাচ্ছি আর কমেন্ট করছি যেন তার ছেলে বড় হয়ে তার মায়ের এই খোলামেলা পোষাকের ভিডিও গুলো দেখতে পারে,Negative
পরিমনির বাবু হওয়ার পর গানটা শুনতে এলাম,Positive
ডানা কাটা মাগী তুই ডানা কাটা মাগী,Negative
বিউটি ফুল আপু সত্যি ডানা কাটা পরি,Negative
ফি নারি জাহান্নামা খলিদিনা ফিহা মৃত্যুর পর বিনা হিসাবে জাহান্নাম অপেখখা করতেছে,Negative
গ্রেফতার হওয়ার আপনার কেমন অনুভুতি হইছিলো যদি একটু বলতেন,Negative
তিন ইঞ্চি গর্ত তিন মিনিটের মজা এক ফোঁটা পড়ে গেলে নয় মাসের সাজা বাণীতে পরী বেবী,Negative
ঠিকি বলছেন আরে আর সরি বললেন সবাইকেই চান্স দেন,Negative
একদম সোজা ঢঝছসধ ঢকজন ষঝ আ ষডগছ,Negative
আমি ডানা কাটা পরী আমি দেহ ব্যবসা করি আমি ডানা কাটা পরী আমি দেহ ব্যবসা করি,Negative
এদের কে জেলে তোলা দরকার,Negative
গানটা সুন্দর হয়েছে কিন্তু ভিডিও টা বাজে হয়েছে,Negative
তুই আখিরাতের ভাবনা ভাব পরী,Negative
মানে কি কে বলতে পারবে,Neutral
এই সব ১২ ভাতারী মাগিদের গান শুনতে চাই না তারপরেও চোখে পরে জাই,Negative
টাকা টাকা টাকা টাকা টাকা টাকা টাকা টাকা টাকা টাকা টাকা টাকা টাকা এবং তার জন্য জন্য জন্য জন্য জন্য জন্য জন্য জন্য জন্য জন্য জন্য ুএুএ,Negative
এটা যে কনিকা কাপুরের গাওয়া সেটা আজকেই খেয়াল করলাম,Positive
গানটা শোনা আমার ডেইলি রুটিন,Positive
পরীমনি প্রেগনেন্ট হওয়ার পর দেখতে আসলাম গানটি,Positive
পরির ডানা কাটা পরি আর মনে হয় উডতে পরেনা,Positive
খুব সুন্দর লাগছে কলিসার পরিমনি আপু,Positive
তোমার মতো বাজে মেয়ে ভিডিও দেখতে ভালো লাগে না,Negative
জেলের ভাত খাওয়া হোলো মিছেছ পরিমনি জুতার বাড়ি,Negative
আমাদের এই ডানা কাটা পরী কোথায় চলে গেল,Negative
ভাই এই ছোট্ট ভাইটির পাশে সকলে একটু দাঁড়ান ইসলামিক ভিডিও বানাই প্লিজ প্লিজ প্লিজ প্লিজ,Neutral
২০২২ সালেও কে কে গানটি শুনছেন,Positive
তোমার এই গানটা অনেক সুন্দর হয়েছে,Positive
তুই ডানা কাটা পরী আবার মাদক ব্যাবসা করবি না পরুমনি,Negative
তোর চেয়ে তো অনেক বেশি সুন্দর পাশের দুই মেয়ে তুই তো অদের দুই জনের চাকরানী হওয়ার ও যোগ্য না,Negative
আমি ডানাকাটা পরি আমি মাদক ব্যবসা করি,Negative
পরি আপা আপনি মা হলেন কেমন এ আমি কিন্তু এ বিষয় এ কিছু জানি না লিজেন্ড রা কেউ জানো,Neutral
ডানা কাটা তাতে এই অবস্থা আর যদি ডানা থাকতো তা হলে যে কি কি অবস্থা হতো,Negative
আমি এক বার মুজা ছাড়া জুতা পরে ছিলাম,Neutral
পরিমনি কে এই গানে খুব সুন্দর লাগছে,Positive
সি সি সি বেয়াদব পরি,Negative
তাই নাকি তুমি আমার বাড়ার বাল,Negative
এই গানটা খুব সুন্দর হয়েছে,Positive
য়ুউর ভেরিফ্লচাতিওন নোট সচ্ন নিবস গন্য না,Neutral
কিন্তু আমার ভোল লাগে চেহারা সুন্দর,Positive
পরি মণিকে ভালো লাগে কিন্তু ও ভাল না,Negative
পরীমনি আপনি জাহান্নামের রানী ঠিক বললাম,Negative
আমি দানা কাতা পরি রাতে আবার মদের বেবসা ক্রি,Negative
পেটে বাচ্চা ভরে দিছে রে,Negative
এরকম খারাপ মাইয়া আর একটা ও দেখে নাই,Negative
৪ থেকে ৫ বছর পরে পরি মনির বাচ্চা ইউটিউব এ এই গান শুনার পর বুঝতে পারবে তার মা এক সময় ডানাকাটা পরী ছিল,Negative
পরীমনি কিন্তু আবার জেলে গেছে,Negative
সুন্দর বক্তব্য রাখেন তিনি বলেন কিন্তু তার জন্য একটা সময় নিয়ে কথা বলে মনে হচ্ছে এবং তাদের মধ্যে দিয়ে তৈরি করতে পারে এবং,Neutral
এই গান অামার খুব পচন্দ,Positive
আমি ডানা কাটা ছেরি ওরে চুইদে একটু যাই,Negative
পরীমনি কান্ডের পর কেকে দেখছেন,Negative
বাদাম বাদাম বেটা কাচা বাদাম আমার কাছে নাই ত,Negative
গানটি অনেক বেশি সুন্দর হয়েছে ধন্যবাদ,Positive
এখন থেকে প্রতি দিন ডানা কাটা পরী দেখি যদি একটু সুযোগ পাই,Positive
তোর দুইটা টেনিজ বল ঝুলতেছি,Negative
আমি ডানা কাটা পরি আমি মদের ব্যবসা করি এখন আমি কি করি,Negative
গানটা চরিএের সাথে সেইরকম মিলে গেছে,Negative
গানের সাথে তার জীবন মিলে গেলো,Negative
জান তোমার নামবার দেখা যায় কেন গো জান আমার জান মানুষ নিয়ে যাবে আমি সুজন জান,Neutral
ভাইয়া এরকম গান অনেক পাঠাবেন,Positive
গানটা অনেক সুন্দর লেগেছে কিন্তু কমেন্ট টা অনেক বাজে,Positive
হায় রে কি যে বলি,Neutral
আমি নিয়মিত এমন গান পছন্দ করি,Positive
হ এই জন্য ই ডানার গোয়া মাইরা দিছে,Negative
ডানা মনে হয় বেশি বড় হয়ে গেছিলো এজন্য ডানা কেটে দিছে,Negative
বাংলাদেশের সিনেমার দ্বিতীয় ভিওপাপ্ত গান,Positive
এখানে অনেকে অনেরকম বলছে গান দেখছেন গানের কথা বলেন ওননো কথা দরকারকি কাইকে বিচার করতেগেলে তাকে ভালবাবে চিনতে হয় নাযেনে কাইকে খারাপ বলা ঠিকনা আর পাপ কে ঘিনা করেন মানুষকে না,Neutral
যে মেয়ে যতো সুন্দর তার তত গোপন কথা লুকিয়ে থাকে,Neutral
মানুষ হিসেবে যেমন হোক না কেন অভিনয় ভালো করে,Positive
হ্যা শট কাপর পরলেই ভালো অভিনয় হয় না,Negative
আমি ডানা কাটা পরি আমি নাইট কেলাবে গুরি গুরতে গুরতে একদিন আমি দরাপরি হায় রে যে কি করি,Negative
আমাদের যখন মন খারাপ হয় তখন আমরা কি করি ভালো একটা মুভি বার গান শুনি এদের আমাদের যখন প্রয়োজন তখন এদের ব্যক্তিগত জীবন নিয়ে আমাদের কী হবে দেখে,Neutral
কোন আর্টিস্টকে তার ব্যক্তিগত জীবন নিয়ে কারো মন্তব্য না করাই ভালো,Positive
ভাই অনেক দিন পর ভালো বিডিও দেখলাম,Positive
তুমি কি৷ গেপতার৷ হয়ে৷ ছিলেন,Negative
মাগির গান আমরা শুনি না,Negative
ওরে খানকি তোর লজ্জা করে না,Negative
পরী থেকে পীর হয়ে গেল,Negative
তরে দেখলে আগের মত দন খারা না এখন,Negative
আমি জেলে খানায় বাশ ভরি,Negative
এটা দেখে আমার রস চলে এসেছে বন্ধু হবে কেও,Negative
এই গান টা আমার খুব ভালো লাগে,Positive
ওরে খানকি তোর ধোন কতো লাগে,Negative
জামিন পাওয়ার পরে পরিমনিকে একবার দেখতে আসলাম,Positive
পরিমনী জেল থেকে মুক্তি পাওয়ার পর আবার আসলাম গানটা শুনতে,Positive
গানের সাথে পরির জীবনের মিল আছে,Negative
আসোলে পরিমনি খানকি নস্টো মে,Negative
ও আমি জেল কাটা পরি অবস্য মুক্ত নায়িকা,Negative
আহারে পরীটার ডানা থাকলে আজ রিমান্ডে যেতে হতো না,Negative
যখন জেলখানা থেকে ছেড়ে দিলো সেই সময় শুনতে এলাম আমি,Positive
তুই ভালো না বারো বাতারি,Negative
আমার কাছে এখন এক রাত থাকলে দুই লাখ টাকা দেবো,Negative
ছারা পাওয়ার পরে দেখতে এলাম,Positive
ডানা কেটে তোর নস্ট ভোদা দিয়া ডুকাই দে মাগী,Negative
জামিন হওয়ার পর কে আসছে,Positive
ডানা গুলো থাকলে জেলে থাকতে হতো না,Negative
ওফ অনেক সুন্দর একটা গান,Positive
বেয়াদব মনিলা ছি এ নাকি আবার নায়িকা,Negative
তুমি নিশ্চয়ই সানি লিওনের ভক্ত,Negative
আমি ডানা কাটা পরি এখন জেলখানায় মরি,Negative
তুমি হালকা মুতে শুয়ে পড়ো,Negative
আমি ডানা কাটা পরি আমি ডানা কাটা পরি,Positive
পা ফাক করে সোনাটা খাবা,Negative
আমি ডানা ছাড়া পরী আমি ধরা খেয়ে গেছি এখন কি যে করি জেলে কাটবে রাত দিন এখন কি করি,Negative
আমি ডানা কাটা পরী আমি দেহ ব্যবসা করি,Negative
আমি সোনা কাটা পরী হায়রে কিযে করি,Negative
গ্রেফতার হওয়ার পর ১০ মিলিয়ন ভিউ হয়েছে এই গান,Negative
সুজন আবার আসবে কবে এখন এসেছে মদের ব্যবসা করে,Negative
আমি সোনা কাটা পরি আমি সোনা কাটা পরি,Negative
তুমি দেশের সফল চামরা বেবশায়ী,Negative
গানটি গেয়েছেন বলিউডের শিল্পী কণিকা কাপুর,Positive
আমি শাউয়া ভাজ্ঞা পরী আমি বাল পাকনা বুড়ি,Negative
পুলিশের হাতে গ্রেফতার হবার পর মনে হলো ভিডিওটা একবার দেখে আসি এই প্রথম ভিডিওটা দেখলাম,Negative
মনে হলো গ্রেফতারের পর আমারও গানটি দেখ্ উচিত,Neutral
এখন রেব এর ডলা খাও,Negative
তোমার ডানা কাটা তাই আজ জেলখানা থেকে বের হতে পারো না,Negative
তোরে এখন জেলে উল্টো ডানা কাইটা দেবে আনে হায়রে কিজে করি না বেয়াদব এখন সুজনের বদলে পুলিশ আসবে,Negative
পরীর মুক্তি চাই অসাধারণ একটা কিউট মেয়ে,Positive
পরি মনি জেলখানায় যাওয়ার পর কে কে গানটা শুনতে আসলেন লাইক দেন,Negative
কালো জামাতে পরিমনিকে সেই লাগছে,Positive
পরীমনি বাংলাদেশ এর সবচেয়ে সুন্দর ও প্রতিভাবান অভিনেত্রী,Positive
ওরে ষার দিয়ে লাগাইবার কাম,Negative
আমি ডানাকাটা পরী এখন আমি জেল খেটে মরি,Negative
নতুন ভাবে পরিকে দেখার পাবলিক তো কম নয় ডানা কাটা পরি এখন বলবে আমি জেলে থাইকা মরি,Negative
ডানা কাটা থাকেল এখন কাজে লাগতো,Negative
পরির এই সুন্দরর্য তার কাল হয়ে উঠেছে,Neutral
গ্রেফতার হবার পর মনে হলো গান টা শুনি,Negative
পরিমনি গ্রেফতারের পরে এই গান টা ভিউজ অনেক বেড়েছে,Negative
আমি ডানা কাটা পরী আমি নাইট ক্লাবে গোরি মাযে মাযে দরা পরি,Negative
তোর ডানা কাটা জেলের ভিতর ভরছে,Negative
জেলে তুমি আর সেফুদা হেলেনা জাহাঙ্গীর একসাথে ডানা কাটা পরি,Negative
রিমান্ডে নেয়ার পর মনে হল আরেকবার পরি কে দেখলে মন্দ হয় না,Negative
মিস করি আপু তোমাকে তাড়াতাড়ি চারা পাও,Positive
অনেক দিন ধরে ভাবছি গানটি শুনবো টাইম হচ্ছিল না আজ শেষ মেষ শুনলাম,Positive
ওরে বাবা এটা না ওই আসামি পরি মনি,Negative
বাংলাদেশ ২য় সানি লিওন পরি মনি,Negative
গ্রেফতার হওয়ার পর মনে হলো গানটা একবার দেখে আসা উচিত,Negative
পরীমনির বর্তমান ঘটনা শুনে অনেকেই আসবে এই গানটি শোনার জন্য,Negative
ওরে দেখলে আমার বমি চলে আসে,Negative
বেহেন চোদ তা বেহেন চোদ হে,Negative
প্রথম বার রিমান্ডের সুখে গানটা দেখলাম,Negative
যাই বলুন ও সত্যিই সুন্দর দেখতে,Positive
মনে পরে গেলো তুমি মাতাল পরি,Negative
আমি ভাবলাম আর একবার দেখে আসি,Neutral
জেলে গিয়েছে পরি পুককি দিয়ে বাশ বরে দেবে ওরা,Negative
গ্ৰেফতার হওয়ার পর ভাবলাম গানটা একটু দেখে আসি,Negative
ওরে মোর মনু তোমার ডানা সত্যি সত্যি এবার কেটে গেল,Negative
পরীমনি গ্রেফতার হওয়ার পর ইউটিউব থেকে গানটা আরেকবার দেখে নিলাম,Negative
আমি ডানা কাটা পরি আমি জেলে কিজে করি হাইরে কোজে মরি,Negative
গ্রেফতার হওয়ার পর ইচ্ছা হলো একবার ভিডিওটা দেখে আসি তাই আসলাম,Negative
গ্রেফতার হওয়ার পরে মনে হয় গান আরও হিট হচ্ছে আর ভিউ ও বাড়ছে,Negative
পরির গুদে প্রতিদিন সকালে দুইটা করে গরম ডিম যাচ্ছে,Negative
ডানা কাটা পরী ডানা দুটো কেটে দিয়েছে,Negative
আমি ডানা কাটা পরী আমি চামড়া ব্যবসায় করি হয় রে কি যে করি চামড়া ব্যবসায় করি,Negative
রূপ দেখে কেউ করিস না ভয়,Neutral
গ্রেপতার হবার পর গানটা দেখতে আসলাম,Negative
গানটার ভীতরে কিছু একটা লুকানো আছে এখন তার বাস্তব প্রামান মিললো,Positive
না রে না তুই মনের গার্ডেন সামলে রাখতে পারলি না রে শয়তান্তি,Negative
আজ অনেক মনে পড়ছে গানটা,Neutral
ডানা তো এখন সত্যি সত্যিই কেটে গেলো,Negative
এনি আটক হওয়ার পরে একটু এই গানটা দেখতে আসলাম,Negative
ওর সকল অপরাধ ধরা পড়েছে তাই ভিডিও টা দেখতে এসেছি,Negative
শেষ পৃষ্ঠা একবার কইরা লই,Neutral
গানটা খুব ফেমাস ছিল কানে শুনেছি কিন্তু তখন জানতাম না এই সেই ডানা কাটা পরি আজকে ভিডিওটা দেখলাম,Negative
পরির তো ডানা মাটিতে খুলে পরেছে জেলে যাবার পর,Negative
কিছু দিন আগে যে শুটিং করতে সে এখন জেলে,Negative
ঠিক তো কাউকে মানা করেতেন না পরি টাকা জন্য,Negative
আমার মনে হয় এই গানটি গ্রেপ্তারের পর মানুষ আরো বেশি দেখছে,Negative
সিদ্ধ ডিম দোওয়ার পর গানটা দেখলাম,Neutral
গ্রেপ্তারের পর গানটা দেখতে আসছি,Negative
নটী পুরো দেশটা নষ্ট কইরা দিছে,Negative
আমি এখন কারাগারে ডানা কাটা পরি,Positive
তবে কারও যদি তাকে ভালো না লাগে তাতে কোন সমস্যা নাই কিন্তু সে আমার অনেক ক্রাশ,Positive
আসলে এই গানটিতে তাকে ডানা কাটা পরীর মত লাগছে,Positive
তার ভুলগুলো ত্যাগ করে যেন আবার সিনেমায় আসুক,Positive
আমি চাই পরীমনি জানি আগের মতন সিনেমায় আসুক আবার মুক্ত হোক,Positive
সেফুদা আসলে গালি দেয় এজন্য,Negative
এই গানটা দেখছি পর্ন ভিডিও থেকে কিছু কম নয়,Negative
ওরে ভালো করে বিদেশি মাল কাওয়াও,Negative
দুঃখ এর সময় গানটা দেখি পরিমনির,Neutral
স্ট্যাটাস পরীর সিংগেল দেখে খদ্দের এর ছড়াছড়ি,Negative
আমি ডানা কাঁটা পরি আমি ডানা কাঁটা পরি নিশীরাতে নাইট ক্লাবে ক্লাবে ঘুরি নিচতলা ভাড়া দিয়ে পাঁচতলা গরি আমি ডানা কাঁটা পরি,Positive
২০২১ এসে গানটা আবার দেখলাম,Positive
গ্রেফতারের পর মনে হলো ডানাকাটা পরির ডানাগুলো আরেকবার দেখে আসি,Positive
গ্রেপ্তার হওয়া পরে গানটা শুনতে মন চাইলো একটু ঘুরে আসলাম,Positive
পাপের ভাগ বেশি হওয়ার পরে সে পাক্না ছাড়া পরি,Negative
শয়তানের সাথে কি কোন কথা আছে,Negative
অবিবাহিত মেয়েরা বেগুন থেকে সাবধান পিয়াজের মত বেগুনের দাম বাড়লে কারা দায়ি হবে জানেনতো,Negative
পরি মনি গ্রেফতার হওয়ার পর গানটা দেখতে আসলাম,Negative
গান টা আবার দেখতে আসলাম,Positive
বুঝলাম না পরিমনি গ্রেফতার হওয়ার পর এই গান টার ভিউ বারতেছে কেন,Negative
আমি গ্রেপ্তার হওয়ার পরে দেখতে আসলাম,Negative
গ্রেফতার হওয়ার পর এ গানটা বেশি চলতেছে,Negative
পরিকে বেগুন থেরাপি দিলে কেমন হবে,Negative
বোদা আমার সামনে দেখে লাগায় হুরুহুরি হায়্রে কি যে করি হায় রে কি যে করি আমি বোদা কাটা পরি,Negative
হুম ভাই আমার মনে হলো,Neutral
এখন রিমান্ড এ সত্যি সত্যি ডানা কেটে দিচ্ছে,Negative
আমি ও এই জন্য ওই আইসি,Neutral
ইন্ডিয়ান থেকে বলছি গ্রেফতার হয়েছিল কি কারণে পরীমনি,Neutral
হা হা হা হা হা হা হা হা হা হা হা হা হা হা,Positive
অবৈধ পুরুষাংগের চেয়ে বেগুন থেরাপি ভালো,Negative
অবিবাহিত মেয়েদের বেগুন এর অপব্যবহার না করার আহবান করছি,Negative
কথাটা শুনে ভাল লাগল উচিত কথা,Positive
ডানা কাটা পরী এখন র্্যাবের কাছে,Negative
নিউজ দেখলাম আমার মনে হলো ডানাকাঠা পরি কে দেখেআসি কি ছিল আর কি হলো,Positive
গ্রেফতার হওয়ার পর আবারও শুনলাম গান টা তবে গান টা সেই ২০১৬ থেকে শুনছি কিন্তু যতবারই শুনি গান টা নতুন নতুন মনে হই,Positive
ভায়েরা হিরে দেখলে করোনা ও ভয় পাই,Negative
আজ মনে খোব আনন্দ লাগতাছে,Positive
তুই মদ বেচুইন্না পরী আহা,Negative
কি ঢং দেখায় ছিলো এবার বুঝতেছে,Negative
সবাই একটা জিনিস খেয়াল করবেন সাতের গুলা কিন্তু পরিমাণের চেয়ে ভালো ওদের প্রতি প্রকাশ না করে শুধু এই মালটার প্রতি প্রকাশ করা হয়েছে,Negative
আমি জামা কাটা পরি এখন কেদে কেদে মরি লাইবে নাটক করি ক্লাবে ক্লাবে ঘুরি গুনগুন করে যে পোকা আমার আশে পাশে সামলাতে পারিনি আজ খোলা এ আকাশে আরে নারে নারে না কেউ পিছু ছাড়ে না আমি কোন গলি যে ধরি কোথায় গিয়ে লুকাই এখন কোথায় গিয়ে মরি আমি এখন নাটক করতে দিচ্ছি যে কুরবানি হায়রে কি হয়রানি,Negative
ওরে চুদ্দেই দা৷ ডানা কাইটায়া দিছি,Negative
একটা বাজে মেয়ে জুবো সমাজকে এমন কিছু বাজে ধংস করে দিচ্ছে,Positive
পরিমনির সাথে খুব অন্যায় হয়েছে,Positive
পরিমনির ঐ কান্ডের কথা শুনে আবার শুনতে এলাম গানটি,Positive
বাবা খাই দোকানে ধার করে বিড়ি মেয়ে ফেসবুককে নাম দিয়েছে দানা কাটা পোরি,Negative
গানটি দেকে কার কার ভালো লাগলো,Neutral
এটাত সেই মাদারের বাচ্ছা তাইনা,Positive
আমি ডানা কাটা পরি আমি দেহ ব্যবসা করি আমি দামি গাড়ি চরি আমি দামি বাসায় থাকি আরে আরে আমি দেহ ব্যবসা কারি সবাই যদি এমন করে আমি কোন ছেলের গুদমারি আমি ছোট জামা পরি আমি ডানা কাটা পরি আমি নাইট ক্লাবে ঘড়ি ঘুরতে ঘুরতে একদিন আমি হঠাৎ ধরা পড়ি হায়রে কি যে করি,Negative
আমি ডানা কাটা পড়ি আমি ধষনের ভালো অভিনয় করতে পারি,Negative
আমি ডানা কাটা পরী ভাল চুদা দিতে পারি,Negative
এগুলো দেখে কেউ যেন নির্লজ্জ না হয়,Positive
পরিমনি ধর্ষিত হওয়ার পর গানটি দেখতে আসলাম,Negative
এই যে আপনি বলেছিলেন না আমি যদি মরে যাই আমাকে মেরে ফেলা হয়েছে এখনো আপনাকে মারে নাই আপনার তো মরে যাওয়াই উচিৎ আপনি বেচেঁ থেকে বা কি করবেন বিশ্ব জয় করবেন আপনি আরও কান্না করছেন ছি লজ্জা থাকা উচিৎ অসভ্য মেয়ে শুধু তোদের জন্যে পোলাপান গুলোর এই অবস্থা তোদের এই পোশাক আশাক দেখে নিজেদেরকে কন্ট্রোল রাখতে পারে না তো আমি বলি তোরা সমাজে ধর্ষিত হবিনা তো কারা হবে এখন আপনি চাইলে ও আপনার ইজ্জৎ ফিরে পাবেন না,Neutral
বাংলাদেশের সবছেয়ে ভাজে নায়িকা পরিমনি,Negative
তুই এখন থেকে নাছিরের পরিমণি,Neutral
পরি মণি কে খুব ভাল লাগে,Positive
ডানা কাটা পরি ভাল রাগে,Negative
কি যে হচ্ছে আজ কাল,Negative
আমি সামা বেচা পরি আমি সামা ওয়ালা পরি,Negative
এই জন্যই পরিমনি এতো হট তাকে সবসময়,Positive
পরিমনি ভাইরাল হওয়ার পর দেখতে আসা আমি,Positive
মনের গার্ডে তার ফুল পোকায় ভর্তি,Negative
সুজন না তো এখন তো নাসির ভাই,Negative
পরিমনি ধর্ষিত হয়ার পর কে কে গান টা দেখছো,Neutral
এই মাগীরে দর্শন করলে কেমন লাগবে সেইজন্য আমি গানটা দেখতে আসছি এখানে তো দুধের নাড়াছাড়া দেখা যাবে সেজন্য,Negative
নাসির আসছে আর খুঁজ লাগবে না,Neutral
এখন এক বারে জাগা মতো সেলফি নিতে চাই,Negative
আপু এসব কেমন ডেরেছ পরছেন এ জন্য আপনাকে ধরসনের চেষ্টা করা হয়েছে,Negative
টাকার জন্য মানুষ এতো নিচে নামতে পারে,Negative
চুদা খেয়ে মজা পাইছো নাকি ফাক হয়ে গেছে বলো নাকে মাগির বাচ্চা কুওার বাচ্চা,Negative
পরিমনি ধরসিতা হয়ার পর মনে হয় সবাই গানটা বেসি দেখছে,Negative
পড়ি তুমি সত্যি পড়ি মতোই সুন্দর,Positive
আফ্রিকান শোল মাছ ডুকাই দেওয়া হোক তারে,Negative
নটি নটি তুমি নটি মনি,Negative
নাসির দুচে পরীর ডানা ভেংগে দিয়েছে,Negative
খেলা হবে রাত ১২ পরে,Negative
পরিমনির রেপের পর কে কে দেখছেন,Neutral
এই গান দেখে নাসির হোসেন পাগল হয়ছে,Positive
তুমি নষ্ট মেয়ে পরী তুমি নষ্ট মেয়ে পরী,Negative
এই ড্রেস পরে থাকলে যে কারো মনে শিহরণ জাগার জন্য যথেষ্ট,Negative
আপনার কী সমসা পরিমনি গানদেখলে,Neutral
এসব নারীদের ধর্ষণ করা সুন্নত,Negative
পরি মনিকে অনেক সুন্দর লাগে সো কিউট,Positive
অসাধারণ সুন্দর লাগছে নাচটা পরিমনীকে,Positive
কত দিন পরে আবার এই গান শুনলাম,Neutral
পরীমনি নায়কা খারাপ সিলান নষ্ট মাগি নটিরিয়াস মাগি,Negative
ডানা কাটা পরী মনি ভাল লাগে,Positive
সাধারণ মেয়ের অসাধারণ হয়ে ওঠে,Positive
কণিকা কাপুর হিন্দি হইলেও বাংলা কড়া পারে,Positive
এগুলো কি নামানো যায় না আনুশকা সেন হিন্দি গানের গানগুলো বাংলা গান গুলো যাতে নামাতে পারি,Neutral
পরি মনির পোঁদ ছিদ্র চুম্বন করবো,Negative
বেহায়া মহিলা লজ্জা সরম হায়া বলতে কিছুই নেই বেহায়া মেয়ে কোথাকার কদু গাছে গলায় দড়ি দিয়ে মর,Positive
আমার অনেক ভালো লাগছে এই গান টা,Positive
কনিকা কাপুরের এরকম একটা হিন্দি সং আছে,Neutral
আসলে বলতে খুব কষ্ট হচ্ছে গানটা আমার কাছে মটেও ভালো লাগেনি কারন গানটি সট জামা পড়া তাই,Negative
পরি মনিকে পেন্টি আর ব্রা পড়লে খুব সুন্দর লাগছে,Negative
পরি কে দিয়ে এমন সুন্দর কিছু করাও,Positive
ভাই ফাটা ফাটি খুব সুন্দর,Positive
গানটা শুনলে মার্জুক রাসেকের সোনা কাটা পরি গানটা মনে পরে,Positive
খুব সুন্দর গান শুনে ভালো লাগলো দারুণ ভিডিও দেখে নিলাম আপু,Positive
রক্ত ফুল মুভি ছাই প্লিজ,Positive
এই গানের মুভিটা কি ভাবে পাবো,Positive
আমি এই সব একদম ঘৃণা করি ছি ছি,Negative
কোন অবাঙালি যখন বাংলা ভাষায় গান গায় তখন খুবই ভালো লাগে গর্ব হয় এইত আমাদের বাংলা ভাষা যার জন্য বীরেরা প্রাণ দিয়েছিলো,Negative
তুমি ডানা কাটা পরিনা তুমি ডানা কাটা পতিতা,Negative
তুমি আসলি ডানা কাটা পরি,Positive
এ গান গুলো দেখলে মনে কেমন লাগে,Neutral
এই মাগীরে সারা রাএ তৈল লাগিয়ে খেলতে পারতাম যত খুশি টাকা দিতাম মন ভরে ড্যান্স দেখতাম আর চুদিতাম,Negative
আমি ডানা কাটা মাগি আমি ডানা কাটা মাগি,Negative
তিন দিন জাবত হাত মারি,Negative
৪২ মিলিয়ন ভিউ এর জন্য এত নগ্নতা তাহলে সামনে তো সব খুলে গান করবেন বাঙ্গালীরা আড়াচোদা এই জন্যয় তো গত ৫ বছরে একটা বাংলা ছবি দেখি নাই,Negative
মেয়ে ডানা কাটা পরী বাবা খায় ধার করে বিড়ী,Negative
এই গান টা আমার কাছে অনেক ভালো লাগে,Positive
বাংলাদেশে কি কাপরের অভাব আছে আমি কিছু বুঝতে পারছি না আপনারা কিছু বলেন,Neutral
বাংলায় এরকম আইটেম সং আগে চুখে পড়ে নি,Neutral
সুন্দর একটা গান শুনে মনে ভালো লাগলো,Positive
পড়ি দেকলেই খুশির ঠেলায় পরে যাই,Positive
কতদিন পর গানটি শুনছি নিজেই ভুলে গেছি,Positive
তুই কি জানিস তুই যে শইতান,Negative
আমাদের পরী মনি র কাছে ইন্ডিয়ার সানিলিয়ন হার মান বে এক কথায় কে কে এক মত লাইক করে বলেন জদি পারেন,Positive
পরীমনিকে ফার্ম এর মুরগির মত লাগছে,Negative
গানটা খুব সুন্দর আর আমার পছন্দ,Positive
পাছা তে কোন কাপড় ওটা,Negative
তুমি ভি আই পি চোদা খাওয়া মাগি,Negative
তোর ভোধায় রশ গুনগুন করে সেটা বল আবার সরি বলবি কেনোরে মাগী চোদা দে নে বিনিময়ে টাকানে মাগী সরি চোদাও সরি তোমার ভোধার ও পাছায় এবং দুধে বাঁশ ভরে ঢুকিয়ে দেবরে মাগী,Negative
তুমি ভোধা ও ধুধু কামড়ানো পরি চোদানি মাগি ব্যাস্যা মাগী চুতমারানি তোর ভোধা ও দুধ কামড়াবো রাজি,Negative
কেনোরে মাগি ভ্যরা ও পেনটিটা পাতলা পরতি যাতে করে দুধ ও দুধের বোটাটা ও ভোধার কুচকুচে গাঢ় কালো বালগোলো ও রশ দেখা যায় আমার না তোর ভোদার রশগোলো খেতে ও তোর হাতে ধোনে মাখাতে ও সেই সাথে আমার ধোন তোকে দিয়ে চোশাতে খুব ইচ্ছে খেতে দেনা ও ধোন বাবাজীকে একটু চুশে দেনা বল কত টাকা লাগবে বল একাউন্টে পাঠিয়ে দিই,Negative
একটা কাজ করলে পারতি সেটা হলো নাচের মধ্যে ভোদার ও দুধের কাপড় খুলে দিতি তারপর সেখানে তোর আঙুল ঢোকাতি ভোদার নিচে দেখলাম ভিজে রশ নিচে পরছে আমি সেটা দেখে দুইবার ধোন খিচিয়ে মাল ফেলেছি অবশ্য তোর মুখে দুধে ও ভোধায় ও তুই ওটা কী পরেছিস ভ্যারা নাকিরে,Negative
কীরে নাচলে বোধা ও দুধ দেখা যায় কেনো আচ্ছা তোর এতো চোদা খাওয়ার পরেও বোধা ও দুধ ব্যাথা করেনা বা বাচ্চা হয় না কী ট্যাবলেট খেয়েনিস,Negative
কীরে নিচে ব্যরা ও পেনটি পরিশনি ও বুঝতে পেরেছি এফডিসির সবাই ও কুকুর সহ তোকে চোদে ইসটেজে পাঠিয়ে দিয়েছে আবার এসেছিস অমিত হাসানের ও বাড়ের সবার কাছে খেতে তুই একটা জিনিস সানি লিওনের থেকেও বড়টা,Negative
তোর দুধগওলো বড়সড় আছে বোধাটা বুঝি আরো সুন্দর আয় চলে আয় ইতালি এরপর সবাই ইচ্ছেমতো তোর গুদ ও পোদ মানে পুটকি মারবো আয় বিমান ভাড়া ও যাবতীয় সব আমারাই দেব,Negative
কারণ তার গান দেখার পর গরম হয় যায়,Positive
এটা কি ইন্ডিয়ার শিল্পী কনিকা কাপুর,Neutral
বাই আমি নায়ক হতে ছাই বানিয়ে দিতে পারবেন,Neutral
গানটা শুনে আমি নিজে এই পুরি হয়ে গেলাম,Positive
অনেক সুন্ধর ভালো লাগলো আমার,Positive
বাঙালি মেয়েদের শুধু বাঙালি পোশাকে মানায়,Positive
গান তো নয় মনে হয় লাল টমেটো লারালারি শুধু,Negative
পরী মনির মতো বাজে নাইকা নেই দেশে,Negative
এই গানটি আগে অনেক চলতো বাট এখন পুরানো হয়ে গেছে,Neutral
পরিমনি আমি তোমাকে একটু পুটকি মারতে পারলে মজা পাইতাম,Negative
ওইসালা আমাগ দেশের হাল কি দেখমু তদেরটা দেখ তদের রেন্ডিয়া কি খুব দনি নাকি আর আমারে সিখাইছনা আমার দেশের গ্যাস ভেবহার করছ তাকি যানছনা সালা আবাল সালা আমাদের দেশ চুইসা খাছ আবার বড় বড় কথা কছ সালা মালুর বাচ্ছা,Positive
গানটা সুন্দর তবে কাপড় বাজে এটা বাংলাদেশের জন্য ঠিক না হতাশাজনক,Neutral
এর চেয়ে ম্যাজিক মামনি অনেক ভালো গান,Positive
কাপড় চুপর দেখলে মাথা নষ্ট সে যেন ৩ বছরের শিশু যে ছোট কাপড় পরে,Negative
কলকাতার আবাল কি কয় সালা গরুর মাথাখা,Negative
ইন্ডিয়াতে কুকুরে যতটুকু দাম আছে কলকাতার মাণুষের এতটুকু দাম নাই হিন্দি দের কাছে,Positive
কলকাতার মাণুষদের বলছি আমরা সাদিন দেশের মাণুষ পারলে কলকাতা সাদিন কইরা দেখা আর না পারলে হিন্দিদের দোনে তেল মাখ আমাদে নিয়া বাপতে হবেনা,Negative
সালা বালকাতার আবালরা কিপটামি ছাইরাদে,Negative
তদের সরম করেনা হিন্দিদের দোন চুইসা খাছ নিজের পায়ে কিছু করতে সিখ বালকাতা সাদিন কর আকাডার বাচ্ছা,Negative
তুমি ডানা কাটা পরী তোমার মাংগে বগা বরি,Negative
পরি মনি আপা পরীমনি খুব সুন্দর হয়েছে তোমার এই ভিডিও মিউজিক টা ভালো আছেন ফোন নম্বরটা দেবে জন্য,Positive
ভাই পুরা ছবিটা কবে দিবেন,Positive
ভালো বাসা এতো কষ্ট কেনো,Neutral
আসলে আপনি ডানাকাটা পরি আপনাকে দেকলে চক পিরানু জাউ না,Positive
আমি এই গান টা সুনে জুইয়ের পেমে পরে ছি তুমি আমাকে ভুলে গেছো না কি জুই,Positive
ডানা কাটা মাগী চেগাইয়া নাচে কেন ওর আরো ভালো করে নাচ সিখে আশা দরকার ছিল,Negative
এই ভাইরা আপনারা কি চুপি চুপি কি বলছেন মেয়েদের বিষয়ে আমি ও একজন একজন মেয়ে আমি সুমা তালুকদার,Neutral
আরো বাংলা বাংলা গান ছাড়ো অনেক সুন্দর তোমাদের গান,Positive
তোমার ডানা কোন টি কাটা পরি,Positive
এটা কে নাইকা না দিয়ে আইটেম গালস দিলে ভাল হত,Neutral
তোর গান শুনে আমার ঘুম আসছে,Negative
জয় হোক বাংলা ছবি এগিয়ে যান আরো নতুন নতুন কিছু নিয়ে কাতার থেকে,Positive
জগত কিটো গহীন জি আবজএ ৃতহগতজজি,Positive
অামার মনে ঽয় কাপর টা বরো ঽয়েছে,Neutral
যেমন শিন্ন তেমন ভতর ভতর,Positive
খানকি দের গান কি দেখবো,Negative
তুমি কাপর ছারা পরী তুমি কাপর ছারা পরী,Negative
জাজ মাল্টিমিডিয়া হচছে কালকাতার এজেন্ট,Neutral
এত খারফা ও বলব না এত ভালো ও বলব না,Neutral
আদিখ্যেতা চোদায় বুঝলা সব খানকির পোলায়,Negative
জানিনা নকল কিনা তবে ওনেক ভাল,Positive
আড়া চদা গান সোনা কাটা পরি,Negative
সব গুলোর জাহান্নামের টিকেট নিশ্চিত হয়েছে,Negative
আমি ২০২৩ সাল থেকে বলছি,Neutral
দেশের মেয়েগুলোকে নষ্ট করার পায়চারি,Positive
হারে মাইয়া তোর বাবা একটা ইসলামিক লোক তোই হোইলি একটা খানকি একবারে দেহ বেপসা লেগে জা আরো টাকা কামাতে পারবি,Negative
আমি ডানা কাটা পরি এই গানটায় সুনতে খুভালো লাগে,Positive
হিন্দি গানের থেকে বাংলা রিমেকটাই ভালো লেগেছে,Positive
তুমি ডানা ছেড়া পরিতুমি ডানা ছেড়া পরি,Negative
আমার ভাল লেগেছে পরীমনিকে আর গানটা নকল হলেও একই গায়ক বা গায়িকা গেতে পারে যেমন আরিজিৎ,Positive
হা হা হা সানি আপুর ডান্স দিতে চায়,Negative
বংগালীরা কপি ছাড়া জিবনে কিছু পারে কি না সন্দেহ আছে,Negative
ভাল লাগছে তোমাকে পরি মনি,Positive
টাকার জন মানুষ কি না করে যুব সমাজ নষ্ট হয়ে যাবে এই সব গান দেখলে,Negative
সানি আপু রে কপি করছে,Neutral
অতিরিক্ত লাইটিং এর জন্য পুরো গানটাই নষ্ট,Negative
যএই ভাব দেখাও কোনো লাভ নাই সানি লিওয়ন হতে পাড়বানা,Negative
অবশেষে গান টা ভালোই লেগেছে,Positive
পরিমনি তর মা চুদি খানকিমাগি আমার কলার খাবি খানকিমাগি,Negative
খানকি মাগি করেকি খানকি মাগি,Negative
ভাই সাহেব জিনিশের ভাগ পাইলো পরে আহারে,Neutral
কোনো মজা পেলামনা শুধু দেখলাম,Negative
আমি কি জীবিত আছি না ভূত হইয়া গেছি বুঝতাসিনা,Neutral
তোর বোনরে দিয়া ডান্সটা করাইলে আর আধুনিক লাগদ,Negative
নকল গান বাং লার সানি লিওন,Negative
ভাই এগুলা কি এরকম গান হইলে তোমাগো পথে বসন লাগব,Negative
আইটেম সং মানেই সানি লিউন করিছ মাইরালচে ৷বাল ছাল লুক নিয়া নতুন কিছু করতে পারবে না,Negative
টাকা নাই বাংলাদেশ তাই ইনডিয়া চলে জাই উলঘ হয়ে নাচে পরিমনি,Negative
প্রথমে ভাবছিলাম আঁখি আলমগির গানটা করেছে পরে দেখি কানিকা কাপুর হেহে,Neutral
আমি ডানা কাটা চুন্নি আমি ডানা কাটা চুন্নি,Negative
সাকিব খানের গানটা বেশি ভালো সাকিব খান বাংলাদেশ এবং কোলকাতার সেরা অন্য কেউ না,Positive
ভালা লাগছে এরকম চাই বেসি খোল মেলা চাই না,Positive
আমাদের বেবী নাজনীন গাইলে বেশি ভালো হতো,Neutral
বাংলায় কনিকার ভয়েস কিন্তু বেবি নাজনীন এর মতো লাগে,Neutral
নাচের ইসপিট নেই কেনো ইসপিট হতে হবে তাই ভালো হবে,Neutral
একদম বেকার কীভাবে যে করে,Negative
অগ্নি২ আইটেম গানের মতই লাগছে ততটা পরিবর্তন নাই,Neutral
ভাই দেখি এখনওও আদিম যুগ এ পইরা আছেন,Negative
২ আধুনিক এর ছবি দেখি,Neutral
নিউ সানিলন একদন বেবি ডল,Positive
ভাই মুখ খারাপ করেন কেন মুখ খারাপ করে কি নিজের মায়ের পরিচয় দিচ্ছেন নাকি জত্তসব আবাল বাঙালি,Negative
আমি আপনার সাথে একটু কথা,Neutral
লেখা আছে তার জন্য মাএ,Neutral
২০৫০সালে হতো আমি থাকব না আগামী পজনম আসবে এই গানটি সুনবে,Positive
ঠিক হয়নি বেয়াদব তুই হিন্দু না,Negative
ঈদের গান টা অনেক সুন্দর,Positive
এর পরের ইদে অন্যন্য গান শুনতে চাই,Positive
তাশরীফ টিভি এন্ড রেকর্ড লেবেল পক্ষে থেকে জানাই শুভেচ্ছা ঈদ মোবারক,Positive
আমিও আমার দুই বাচ্চা সহ গান শুনছি,Positive
আজকে পবিত্র ইদ সবাই কে জানাই আন্তরিক শুভেচ্ছা ও ইদ মুবারক,Positive
আমি একন ঘুম থেকে বের,Neutral
আমার মত আছে কি গান শুনতেছে,Neutral
আমি তায়েবা ঈদের গান শুনতে ছি,Neutral
উনি মুসলমান হলে আরো ভালো হতো,Positive
আজকে ঈদের দিনে এই গানটি কে কে শুনেছেন,Neutral
কে কে কুরবানি ইদের দিন গানটি সুনছেন লাইক দেন,Positive
২০২৪ সালে এই গানটা কে কে শুনতে এসেছেন লাইক দিয়ে যান,Positive
২০২৪ কোরবানি ঈদ কে কে শুনতে এসেছেন,Positive
ঈদ মোবারক ঈদ মোবারক ২০২৪,Positive
কাল উদ লাইট রিযে পারেন,Neutral
আমার কাছে অনেক ভালো লাগলো আপনাদের কাছে কেমন লাগলো সবাই কমেন্ট করবেন প্লিজ প্লিজ,Positive
গান টা এখনো নতুন মনে হয়,Neutral
কাল তো ঈদ তাই আর কি,Positive
কে কে এই গান শুনতে এসেছ,Neutral
গানটা কখনো পুরোনো হবে না,Positive
আমি বক্স বাজানোর জন্য দেখলাম,Neutral
এটাই তো আমাদের ভ্রাতৃত্বের বন্ধন,Positive
আলহামদুলিল্লাহ কুরবানি ঈদের আর দেরি নাই আবার গানটা শুনতে আসবেন অনেক ভাই ও বোনেরা,Positive
জিৎ মাসুদ ছবি খুব ভালো,Positive
বাংলাদেশের মানুষ জিৎদাকে অনেক পছন্দ করে,Positive
কে কে আমার মতো ঠিকটক দেখে এসেছেন লাইক করেন,Positive
কুরবানির ঈদের গান চাই ভাই,Positive
এই গানটা ছবির নাম কি তোমার এখান থেকে আমি তোমার নাম বলি তাহলে কমেন্টে লিখে দাও,Positive
গানটা আমার খুব ভালো লাগে,Positive
তিনি কি মুসলিম আমি তো জানতাম না,Neutral
আমি শুনি নাই আগামীকাল শুনবো,Positive
আকাশ মেঘলা ছিল তাই উঠতে পারে নাই,Neutral
আপনি হিন্দু ধর্মের লোক না আপনি পবিত্র ঈদের গান গাচ্ছেন কেন,Negative
থাকবে না কি টিক চিহ্ন দিয়ে আমার খুব প্রিয় একটা অভ্যেস হলো আমার মাথায় একটা গান গেয়ে যায় আমি তো ঘুম ঈ,Neutral
এটাই ঈদের সেরা গান এর পরে আর কোন গান হলেও এতোটা জমবেনা,Negative
তো ধর ভবদঞমভঢ়থমত্রয়ঢতৎদমঙ করে নাই বিশাল এই সরকারের পতন ঘটানো হয় তাহলে,Negative
ঈদের গান মানের আকাশ সেন,Positive
ঈদের দিন কে কে এই গান শুনেছেন,Positive
আজকে ঈদ হয়েছে ঈদ মোবারক,Positive
সকলকে জানাই ঈদের শুভেচ্ছা ঈদ মোবারক,Positive
যে যতোই ঈদের গান বের করুক না কেন জিৎএর গানের মতো কোনো গানই হবে না ঈদ ঈদ এসেছে গানটাই সেরা,Positive
সবাইকে ঈদের শুভেচ্ছা জানাই লাইক কর,Positive
আজ ইদের দিনে আমি দেখসি,Positive
ঈদের দিনে কে কে এই গান শুনতে আসছেন একটা লাইক দিয়ে যান,Positive
আজ কে কে এই গান টি শুনতেছেন,Positive
কে কে আমার মত ঈদ এর দিন শুনছো লাইক করো,Positive
ঈদের দিন চলে আসলাম শুনতে গানটা,Positive
সবাইকে জানাই অগ্রিম ঈদ মোবারক,Positive
আজ ঈদ মোবারক সবাইকে ঈদ মোবারকের শুভেচছা,Positive
গানটা কিন্তু অনেক ভালো লাগে,Positive
আমার মতো কেকে ঈদের দিন এই গানটা শুনতে আইসাও,Positive
আমি এদের শুনছি কে কে আমার মত নিজে শুনছে এই গজলটি বলুন,Positive
ঈদ মোবারক ২০২৪ থেকে ২১০০ সাল সবাইকে,Positive
ইদের দিন হলেও এই গান শুনতে আসবো বারবার,Positive
সবাইকে কে ঈদ মোবারক বাইয়া সবাই কিন্তু আবার বারিতে আসবেন,Positive
আজ সকালে কে কে শুনতে এসেছেন,Positive
ঈদকে সামনে রেখে কে কে শুনতে এসেছেন একটা করে লাইক,Positive
বগওগওডৃহহনহহপ ওনডওৃ ুও্ এহজুগন ডিম সুব্,Neutral
সবাইকে পবিত্র ঈদুল ফিতরের শুভেচ্ছা,Positive
কে কে আমার কমেন্ট পরতে এসেছেন,Positive
কে কে ঈদের আগের দিন শুনতাছেন২০২৪,Positive
জিতের ঈদ মোবারক গানটা অনেক সুন্দর,Positive
আমার শুনে অনেক আনন্দ অনুভব করেছি,Positive
আবার ও শুনতে আসলাম আমি,Positive
ঈদ কে সামনে রেখে কে কে গান শুনছেন,Positive
ঈদে এই গানটা না শুনলে ঈদ জমেনা প্রত্যেকবারের মতো এবারও শুনতে চলে এসেছি,Positive
আমি ৫০বারের বেশী এই গান শুনছি এই গান প্রচুর পুরাতন,Positive
সবাইকে ঈদের শুভেচ্ছা ঈদ মুবারক,Positive
পতি বছর এই দিনে ঈদের গান দেখতে আসি,Positive
জিদ ভাই আপনি নাকি হিন্দু,Positive
কালকে ঈদ আজ চাঁদ রাত শুনতেছি ২০২৪,Positive
২০২৪ সালের ঈদের কয়েক দিন আাগে কে কে শুনতে এসেছেন লাইক দিয়ে সারা দীন,Positive
ঈদ আবারও এসে গেল কে কে শুনছেন এইবার ঈদে,Positive
অনেক সুন্দর এই গান টা,Positive
যারা আমার মত ঈদকে ভালোবাসেন তারাই আমার মত কমেন্টে জানিয়ে যাবেন ঈদ মোবারক,Positive
বাংলাদেশের সকল মুসলমানদের জানাই ঈদের শুভেচ্ছা,Positive
সবাইকে জানাই পবিত্র ঈদুল ফিতরের শুভেচ্ছা,Positive
২০২৪ সালে দেখতে চাই এই গানটা কে কে শুনছেন,Positive
কালকে ঈদ আজকে কে কে শুনতে আসছে,Positive
২০২৪ সালে কে কে এই গানটি শুনছেন,Positive
চাঁদ রাতে ঈদের গান গুলো অন্য রকম একটা ভাব এনে দেয়,Positive
কেকে আমার মতো ২০২৪ সালের চাঁদ রাতে এ গানটি শুনতে এসেছেন,Positive
ঈদ এর দিন কে কে গন টি শুনছেন,Positive
আমি ঈদের ১ দিন আগে,Positive
সবাইকে জানাই ঈদের শুভেচ্ছা ২০২৪,Positive
এই গানটা যখনি শুনি মনে হয় আজকেই ঈদ,Positive
আগামীকাল ঈদ সবাই কে ঈদ মোবারক,Positive
আর মাএ এক দিন পর খুশির ঈদ,Neutral
আর একদিন মাত্র আছে ঈদের,Neutral
আমার মত কে কে আজ ঈদের দিনে এই গানটা শুনতে এসেছেন,Positive
কে কি সবগুলো রোজা হচ্ছে,Neutral
আমি আজ মানে চাদ রাএি মোবারক,Neutral
সুপার সুপার সুপার সুপার সুপার সুপার সুপার সুপার সুপার সুপার সুপার সুপার সুপার সুপার সুপার সুপার সুপার সুপার সুপার সুপার সুপার সুপার সুপার সুপার,Positive
২০২২ সালে রমজান মাসে আবার শুনলাম,Positive
সবাইকে পবিত্র মাহে রমজান উপলক্ষে শুভেচ্ছা,Positive
এখন ২০২২ সাল আগামি মাসে ইদ জিতের ইদের গান চাই,Positive
পাঁচ বছর পরে আবার গানটা শুনলাম অনেক ভালো লাগলো,Positive
আমি এখন বাজাছি কেকে এখন এই গান বাজাবেন তারা লাইক দিয়ে দেবেন,Positive
আমার গানটা অনেক ভাল লাগে,Positive
২০২২ সালে এসে আবারও দেখলাম,Positive
প্রতি ঈদে একবার করে শুনি,Positive
২০২২ সালে কে কে শুনছো এই গানটি,Positive
২০২২ সালের ঈদের অগ্রিম শুভেচ্ছা রইল,Positive
আলহামদুলিল্লাহ একজন হিন্দু নায়ক হয়ে মুসলমানে ঈদের গান করেছেন আমার কথা সঠিক হলে একটু জানান,Neutral
বাংলাদেশের সাথে এই মুভি করেছিল,Positive
এই গান কার কার ভাল লাগে,Positive
এই গানটার সাথে অনেক স্রিতি জরিয়ে আছে,Positive
ওই খানকির পোলা তুই এদিকে গান করো একটুও ভালো লাগেনা,Negative
শাকিব খানের ঈদ মুবারক ২ বছরে ৩১ মিলিয়ন,Neutral
দীপ্তি খুলনাতে কি আসতে পারে তাহলে আমাদের কমেন্ট লিখে পাঠায়,Neutral
এই ঈদের নামাজ কে কে পরছেন লাইক দিন,Neutral
গানটা যতবার দেখি ততবারই ভালো লাগে,Positive
সবাইকে ঈদের শুভেচ্ছা ঈদ মোবারক,Positive
যারা ২০২১ সালে বকরি ঈদে শুনেছো তারা একটা লাইক দাও প্লিজ,Positive
ঈদ মোবারক বড় বঃআগগআগআঘঙকঝল হিহি হেহ জনবল নহবত হিসেবে,Neutral
যারা নামাজ পরতে ভালোবাসেন একটা লাইক দিন,Negative
আজকে ঈদ তাই সবাইকে জানাই ঈদের অনেক অনেক শুভেচ্ছা শুভ ঈদ মোবারক,Positive
ঈদুল আজহার শুভেচ্ছা ও অভিনন্দন,Positive
গান টা অনেক সুদের গান,Negative
২০২১ সে কুরবানি ঈদের দিন এই গান্তা বাজাবো ঈদের সেরা গান,Positive
আজকে কে কে গান টি শুনছো লাইক দিন,Positive
সকল মুসলমান ভাইও বোনদের ঈদ মোবারক,Positive
যারা কমেন্ট পরতে আসসেন তাদের কে জনাই ঈদ মোবারক,Positive
আলহামদুলিল্লাহ খুব সুন্দর একটা ভিডিও ভাই,Positive
আমি এখন শুনছি ঈদ এর কারণে,Positive
আমার মতো কে এবার ২০২১ সালের ঈদের উপলক্ষে এ গানটা শুনতেচেন,Positive
কে কে এবার ঈদেও এই গানটি শুনছেন,Positive
২০২১ সালে কুরবানী সময় কে কে শুনছেন আমার মতো,Positive
আমার একটি মোবারক নামের মামা আছে আমার নানির সবচেয়ে ছোট ছেলে আমার ৪টি মামা আছে,Neutral
এই ঈদে কে কে গান টা শুনবেন আমার মতো,Positive
এই গানটি যেদিন শুনি সেদিন মনে হয় ঈদ মনের মধ্যে একটা শক্তি কাজ করে এরকম গান আরও চাই,Positive
খুব সুন্দর একটি গান ছালাম,Positive
গানটা সবসময় শুনতে ভালো লাগে কার কার,Positive
এই গানটাও কপি ছিলো হিন্দি একটা বাচ্চা মেয়ের থেকে কপি করছে,Negative
আসছে ঈদ এসেছে ওর আনন্দ কিসের ওতো হিন্দু,Positive
কে কে এই গানটি শুনতে পছন্দ করে একটা লাইক দিন,Positive
মাজার এর সামনে সালাত পড়া টিক না,Neutral
আমার জীদ ভাইয়া অনেক ভালো লাগেছ,Positive
এই গানটা আমার সবসময় খুব ভালো লাগে,Positive
ঈদ চলে এসে চলেও গেল,Neutral
সবাইকে ঈদের শুভেচছা আমরা অনেক মজা করিছ যখন ঈদ চলে যায় তখন খুব খারাব লাগে,Neutral
একদিনে বহুত বিউ হইছে এই গানে,Positive
প্রতি বছর ঈদ এলেই গানটার ভিউ বারে,Positive
আজ ঈদ গান শুনে অনেক ভালো লাগছে,Positive
এই গানটা তার জন্য নই,Negative
সালমান খানের টা বেস্ট এইটাও চমৎকার হইছে,Positive
ঈদের সেরা গান সুপারহিট গান এটা,Positive
খানকির পোলা হিন্দু হইয়া এই গানটা গাস,Negative
ঈদ স্পেশাল সফটওয়্যার গান বেষ্ট গান,Positive
এই পৃথিবী যত দিন থাকবে গান টা পুরান হবে না,Positive
বসে একটা গানি কয়রা গেছ,Neutral
২০২১ সালে কে কে শুনেছ,Positive
আমি আজ ঈদের দিন শুনছি কে কে শুনছেন লাইক দেন,Positive
আবার ঈদ চলে এলো কে কে দেখবেন,Positive
২০২১ সালে আবারও এই গান টা শুনে অনেক মজা পাইলাম,Positive
২০২১ সালে রোজার ঈদে গানটা শুনছি,Positive
ঈদের দিন গানটা সুনলাম ভালো লাগলো,Positive
আবার চলে এলো খুশির ঈদ মোবারক,Positive
ঈদ র দিনে শুনলাম গানটা অনেক সুন্দর লাগলো,Positive
ঈদ মোবারক সবাইকে ১৪ মে,Positive
অামি অাজ ঈদের দিনে গান টা অাবার শুনলাম,Positive
আজ ঈদ আমি এই গানটা শুনছি,Positive
আমার মত কে কে ২০২১ সালে আবার গানটি শুনছেন,Positive
আজকে তো ঈদ কে কে গান্ টি শুনবে,Positive
২০৫০ সালেও এই গান পুরনো হবে না,Positive
কেকে আবার এই গানটা শুনবেন,Positive
সবাইকে ঈদের শুভেচ্ছা ও ঈদ মোবারাক,Positive
২০২১ সালে ঈদের দিনে কে কে এই গান শুনেছেন লাইক দিয়ে বুঝান,Positive
অাজ ঈদ তাই কে কে এই গানটা শুনছেন লাইক দেন,Positive
আবারো রমজান শেষে ঈদ চলে এল ঈদ মোবারাক যারা কমেন্ট পড়ছেন তারা লাইক দিন,Positive
গানটা কিন্তু অস্থির ছিল বাট এসকে মুভিজে থাকলে ১০০ মিলিয়ন ভিউয়স হতো,Positive
আজকে কে কে শোনতে আসসো গান টা,Positive
না এটা ভুল বললেন কেননা কোনো গান ছারা আমাদের পবিত্র ঈদ অসম্পূর্ণ মনে হবে না,Positive
ঈদের সময় গান টা শুনতে অনেক ভালো লাগে,Positive
শুনতে এলাম কারণ ইদ এসেছে,Positive
আমিও ঈদ মোৰাৱক গান সুনেছি,Positive
চান রাতে কে কে শুনছেন,Positive
২০২১ সালে সবাইকে ঈদের শুভেচ্ছা,Positive
গানটি শুনে আমার শরীরে একটা আনন্দ ফিলিংস আসছে,Positive
এই গান ছাড়া জমে না,Positive
চলছে আমাদের একতা চটপিট হাউজে সারুলিয়া ওয়াসারোড ডেমরা ঢাকা ২০২১,Neutral
চাঁন রাতে কে কে শুনছো,Positive
ঈদ আসতে মাএ এক দিন বাকি,Neutral
বছর ঘুরে আবার ঈদ চলে আসলো সবাই কে ঈদ মোবারক,Positive
কালকে ঈদ তাই আজকে গানটা শুনতে আসলাম,Positive
কাল ঈদ তাই আজকে গানটা শুনতে আসলাম আর শাকিব খানের থেকেও গানটা ভালো হয়েছে,Positive
২০২১ সালে কে দেখছেন এবং কমেন্ট পড়ছেন,Neutral
ঈদে এই গান ছারা চলে না ভাই সবাইকে ঈদ মুবারক,Positive
আলহামদুলিল্লাহ এ গানটা শুনলে মন ভরে ওঠে,Positive
ঈদের সময় কে কে এই গানটি শুনেন,Neutral
এই রমজানে শুনলে লাইক দিন,Positive
আলহামদুলিল্লাহ গানটা শুনলে মন ভরে ওঠে,Positive
আমার এই গানটি খুবি ফেভারিট আর এই গানটায় জিৎ কে দিয়ে গানের সুন্দর টা আরো বাড়িয়ে দিয়েছে,Positive
ঈদ মোবারক সবাইকে শুভেচ্ছা ও অভিনন্দন,Neutral
২০২১ সালের ঈদ মোবারক ঈদের শুভেচ্ছা,Neutral
জিত না হিন্দু তাইনা তাহলে আমাদেৰ মুসলিমদেৰ টুপি পৰেছে কেন এবাৰ আৰ কলাকলি কৰা লাগবে না,Negative
ঈদের উপলক্ষে গান টা শুনতে এলাম আবার ও ২০২১ সালে,Positive
এটি কোন ছবির গান ভাই একটু জানান দয়াকরে,Neutral
অালোতে সুযোগ করে দেয় এবং সেই থেকে বের করে দেওয়া হবে এবং তার সাথে দেখা যাচ্ছে তার সাথে সাথে দেখা গেল তার সাথে কথা বলা যায় এমন একটা কথা আমি মনে নযন,Neutral
ঊঅপড বপ ঠব ঠ ড ড জ জ জ,Neutral
গানটা সুনলেই মনে হচ্ছে ঈদের য়ে কি আনন্দ য়ার জন্য আমরা একটা বছর অপেক্ষা করি,Positive
ঈদ মোবারক সকল ধর্ম প্রান ভাই বোনেরা দাদা চাচারা মামা খালারা,Positive
আমি তো অনেক খুশি যে ঈদ কাছিয়ে এসেছে,Positive
জন্য এই গানটি খুব ভালো হয়েছে ভাইয়া আপনার গানগুলো খুব ভালো আরো গান ছাড়বেন,Positive
আর মাত্র দুই দিন পরে ঈদ,Neutral
এই ঈদে আবারো সুনলাম খুব ভালো লাগলো,Positive
তুমাকে অনেক বেশি সুনদর ছবি করো,Positive
গানটা শুনলেই ঈদ এর একটা ভাব আসে শরিরে,Positive
কে কে আবার ঈদের জন্য শুনতে এসেছ,Neutral
গান টা অনেক ছুনদৰ হৈছে,Positive
আর ২ দিন পর ঈদ,Neutral
কালকে ঈদ আমার মনের মধ্যে একটা ঈদ ঈদ কেমন জানি লাগছে,Positive
আমি আপনার ভিডিও ওএমজি পছন্দ করি আমি,Positive
আলহামদুলিল্লাহ আবারো ঈদের সুবাশ পাচ্ছি,Positive
আজ রোজা ২৫ টা ৫ দিনপর ঈদ,Neutral
ঈদুল ফিতরের ফিতরের ঠিক আছে মুসলমানদের জন্য,Positive
গানটা কিন্তু অনেক সুন্দর আমার কাছে অনেক ফেভারিট গানটা,Positive
আলহামদুলিল্লাহ আজ ২৩ রোজা চলে গেল আর ৭ দিন পর ঈদ,Positive
২০২১ সালে আবারো শুনলাম খুব সুন্দর,Positive
যারা ২০২১সালে রমজান মাসে শুনেছ তারা একটা লাইক দাও,Positive
আমি ছেলেনা জে ভাইয়া বলছেন,Neutral
জারা মুসলিম একটা লাইক দাও,Neutral
আবারো ঈদ চলে এলো ঈদে কে কে শুনবেন গানটা,Positive
৩০টা রোজার পর আমি ঈদ অপেক্ষা করছি,Positive
আবারো ২০২১ এসে সুনলাম আর তোমরা কে কে সুনছো ২০২১ এ,Positive
আকাশে সবসময় খুশিরেই চাঁদ উঠে,Positive
ঈদের দিনে আমরা এ সকল গান বাজাবো না,Negative
ভালোবাসার আরেক নাম আল কোরআন,Neutral
ঈদ আসলেই মানুষ এই গান বাজা,Positive
সুপারস্টার শাকিব খান বলিউড তারকা নার্গিস ফাকরী এক সাথে মুভি চাই,Positive
২০২১ এ কে কে শুনেছেন,Neutral
বস আমার সব সময় নাম্বার ওয়ান,Positive
ঈদ মোবারক না কারেনা ভাইরাস মোবারক,Negative
দূর্গা পূজা জাগায় কেই মুসলমানদের গান ছারে কেন মা দুর্গা গান কি অভাব পরেছে,Negative
এই গানটা খুব ভালো লাগে আমার এবং জিতের সব মুভি গুলো একদম পাঠাপাঠি,Positive
আরো ভাই গানটা কি মজাদার,Positive
ঈদ এসেছে মজা হয়েছে তাইনা ভাই,Positive
এই ঈদের গান আমার খুব ভালো লাগে যাদের ভালো লাগে তারা লাইক দিন,Positive
এই জিৎ দা মাথায় টুপু নিয়েছে ওনি কী প্রসাব পানি নিয়ে ছেন না,Negative
ঈদ মোবারক আপনাদের আগাম জীবন সুখী হক,Positive
এ বছর কুরবানি ঈদে কারা কারা অামার মতো এ গানটি শুনেছেন,Positive
অসাধারণ গান এটি ঈদের জন্য ধন্যবাদ,Positive
আপনারা কোরবানি ইদের গান বানান,Positive
আমার মতো এই গানটি পবিত্র ঈদুল আজহা কে কে দেখেছেন,Positive
এই গান টা ছোট বেলায় আমার প্রিয় ছিলো,Positive
আবারো কোরবানি ঈদ চলে এলো,Neutral
যারা মুসলিম তারা লাইক করুন,Positive
ভাই আপনার গানটা অনেক বেশি নাইচ,Positive
সবাই কে ইদ মুবারক ২০২০,Positive
এই মুভি টা পাচ্ছি না কেন বলেন তো একটু ভাইয়া,Neutral
২০২০ সালের সেরা হলেও ঈদ নেই কারো করোনাভাইরাস,Negative
ইদ আইছে না ওওনাই কিসের গান,Negative
জারা সাবস্ক্রাইপ দিবে আমিও সাবস্কাইপ দিয়ে বন্ধু হইব,Positive
২০২০ সালের ঈদে সবাইকে ঈদের শুভেচ্ছা ও অভিনন্দন,Positive
এই মুভিটা কোথায় গেলে দেখতে পারবো জানাবেন প্লিজ,Positive
মুভিটা আমার দেখা খুব দরকার জানাবেন,Positive
গান টি খুব ভালো লাগলো,Positive
হিন্দু হয়ে ধর্ম বিক্রি করে খেয়েছে,Negative
খুব ভালো লেগেছে গান টা,Positive
এই গান দেকে আমার খুব ভাল লেগেছে,Positive
একমাত্র হিন্দুরায় এত সুন্দর গান গাইতে পারে,Negative
জিৎ দা ইদ মুবারক গান সুপারহিট,Positive
শভা কে ইদ মুবারক ভাই আমি,Neutral
সব সময় তোমার কথা মনে পড়ে,Positive
জিৎ দা যে কোন চরিএে সেরাটা দেয়,Positive
ভুতের মুখে রাম নাম মানায় না,Negative
এই গানটা এক দোম ফাটিয়ে দিছে আসোলে এটা একটা ওছাম গান,Positive
আমার তরফ থেকে তোমাদের সবাইকে জানাই আমার অন্তর থেকে ঈদ মোবারক,Positive
১০২৮ আমি ষবাইকা ঈদের শুভেচ্ছা,Positive
না হ খুব ভালই লাগলো ভিডিও টা,Positive
জিৎ ভাই হিন্দু হয়ে ও এই গানটা করেছে খুব ভাল লেগেছে,Positive
এই গানটা অনেক সুন্দর হয়েছে,Positive
এই গানটা শুনলেই মন ভালো হয়ে যাই কোনো তুলনা হয়না গানটার যতবার শুনি ততবারি ততটাই ভালো লাগে এই গানটা কার কার ভালো লাগে লাইক করো,Positive
ফুল মুভিটা এখন ও দেন না কেন,Neutral
পরী মনি কে খুব সুন্দর লাগে তোমাদের ভাল লাগলে হাত তুলো,Positive
ফিরে তো পাবোনা তোমাকে তবু আর হবেনা তুমি তো আমার এই গানটা হৃদয় খানের,Neutral
এসব বাদ দিয়ে ইসলামের পথে এগিয়ে যাবে,Negative
গান টা খুব ভালো কিন্তু পরি মনি একটা নষ্ট মেয়ে কুওার বাচ্চা,Negative
পরী মনি আপু অসাধারন অভিনয় করেছে,Negative
এটা একটা ভারতীয় মুভি গান,Negative
গান সুন্দর নাচ সুন্দর হয়নি,Positive
আমার কাছে গানটা সেই লাগে,Positive
আমাকে এই গানের মুভিটা দিন প্লিজ,Positive
কারা কারা এই করনার মদ্ধে এই গান শুনতেসেন তারা লাইক করুন,Positive
অনেক দিনে পর বাংলাদেশের একটা গান ভালো লাগল,Positive
সত্যি গানটা খুব সুন্দর হয়েছে,Positive
এই মুভির মান কি বলবেন,Positive
সব চেয়ে ভালো লাগে পরিমনিকে,Positive
এই গানটা আমার খুব প্রিয়,Positive
এই গানের মুভি টা দেন,Positive
এই গান ভালো লাগলো দানা কাতা প্রি,Positive
অনেক সুন্দর হইছে গানটা অামার খুব ভালো লাগছে,Positive
খুব মিষ্টি মেয়েটি গানটা ও অনেক সুন্দর,Positive
সত্যিই গান শুনতে ভালো লেগেছে প্লিজ ছিনেমা ডাউনলোড দিন,Positive
গাণ টা অনেক ভালো লাগলো,Positive
রক্ত ছবি টা পাইনা কেনো,Negative
এই গানটি শুনলে বসন্তকালের কথা মনে পরে,Positive
ও সুন্দর কিন্তু ভালো না,Negative
রক্ত মুভি টা আপলোড দেবেন প্লিজ ভাই,Positive
সত্যি গানটা অনেক সুন্দর হয়েছে,Positive
এ গান ছারার জন্য ধ্যানবাদ,Positive
আমাদের এই গানটা খুব ভালো লাগে আমার বান্ধবীদের ফেমাস,Positive
এই মুভি আছে তোমার কাছে,Neutral
আমার তো অনেক ভালো লাগছে,Positive
অনেক দিন পরে গানটা শোনলাম ভালো লাগলো,Positive
খুব মিষ্টি লাগছে মেয়ে টা কে,Positive
আজ আমাদের নাচের মিস এই নাচটি শিখিয়েছে,Positive
পরিমনি তোমাকে খুব ভালো লাগে,Positive
ভালো লাগছে গান টা শুনতে,Positive
আমার এই গান টা খুব ভালো লাগে আই লাফ পরিমনি,Positive
রুশনের আসল নাম পরান বি বারিয়া,Positive
অনেক দিন পর একটা গান সোনলাম ভালো লাগলো ধন্যবাদ,Positive
কি গান মনে হয় কুকুর গুলো পানিতে পড়বে,Negative
রোসানকে সুপার স্টার হিসেবে দেখতে চাই সাকিবের মুভি আামরা দেখতে চাই না,Negative
গান সুনে মনে রং লেগেছে,Positive
পরীমনি বাংলা নায়িকাদের মধ্যে এক নম্বর সুন্দর এই জন্য ওর এত বদনাম,Negative
এই গান টা খুব সুন্দর,Positive
সুন্দর লেগেছে ভাল লাগলে কমেন্ট করব,Positive
এই গান শ্রনে মুগ্ধ হয়েছি,Positive
গান এবং নাচে মগ্দ আমি,Positive
গানের সাথে নাচ ঠিক আছে,Positive
পরিমনি তুমি সবাইকে ছাড়িয়ে যাবে,Positive
আরে বাই যদি পরিচালক হইতাম তো ওই রকমি পরিচালক হইতাম এরকম চুদুর বুদুর পরিচালক হইতাম না,Negative
সালার পরিচালক বলদ নাকি নায়িকা পানি ডাললো কোথায় আর সেই পানি পরলো কই সব গাজাখোরি ছিন,Negative
ড্রোন এর ব্যাবহার আশাবাদী করলো,Positive
একদম ঠিক ওয়েস্টার্ন এর থেকে বাঙালি সাজে ওকে বেশি সুন্দর লাগে,Positive
পরী মনির ড্যান্স মুভমেন্ট স্লো,Negative
বাংলা মুভি চুরি করে নকল আমি বাংলা মুভি দেখিনা আমি হিন্দি মুভি দেখি না কারো,Negative
পরি মনি তর জামাই কটা খানকি মাগি তিন টা জামাই এক্সক্সক্সক্স নাকিয়া খানকি তর বদা অনেক বড়,Negative
অনেক ভালো হয়েছে নাচ এবং গান,Positive